Algorithm,Subset,CV_Accuracy_mean,CV_Accuracy_sd,CV_Precision_mean,CV_Precision_sd,CV_Recall_mean,CV_Recall_sd,CV_F1_mean,CV_F1_sd,CV_ROC_AUC_mean,CV_ROC_AUC_sd,Test_Accuracy,Test_Precision,Test_Recall,Test_F1,Test_ROC_AUC
Lasso,Combined,0.7049980914813243,0.022620505513284886,0.7098920589299066,0.03684508033238776,0.5519999999999999,0.057472235481488526,0.6195276435562687,0.041475512361588765,0.7651511260864459,0.01895148223480293,0.6936619718309859,0.7078651685393258,0.5080645161290323,0.5915492957746479,0.7670362903225807
AdaBoost,Combined,0.7006429733607242,0.022836147627999348,0.6877122918468157,0.04956189506466286,0.5862424242424242,0.04396814338694098,0.6310656039509862,0.025159993884333667,0.7604226971752408,0.021184694506512232,0.6725352112676056,0.6534653465346534,0.532258064516129,0.5866666666666667,0.7593245967741935
Lasso,Non-Genetic,0.7032281471236717,0.03605331554451951,0.6867290535992994,0.04861230272147574,0.5941212121212122,0.07171953332290372,0.6350704066026822,0.053076655323926365,0.7577697615691802,0.03700284742820006,0.6901408450704225,0.676470588235294,0.5564516129032258,0.6106194690265485,0.759828629032258
Ridge,Non-Genetic,0.7006004324625696,0.025466595873134646,0.6832972799063457,0.03890409811396834,0.5921212121212122,0.06265920443492978,0.6324545851927906,0.040566474911180574,0.7570840380549683,0.03906125045224998,0.6901408450704225,0.673076923076923,0.5645161290322581,0.6140350877192983,0.7488407258064516
AdaBoost,Non-Genetic,0.7006312117558,0.030682466059636575,0.689976891010136,0.05430786985125347,0.5820808080808081,0.06018530715063811,0.6288980503010988,0.0395119157194768,0.7562448100187926,0.040339690612602334,0.704225352112676,0.6960784313725491,0.5725806451612904,0.6283185840707964,0.7624495967741935
SVM (RBF),Non-Genetic,0.7058558617847738,0.036976214014280195,0.6865999551589316,0.04634640787064527,0.6041010101010101,0.07811293392180879,0.6406545353667116,0.05561814655163876,0.7559756063542401,0.04093731381414942,0.6795774647887324,0.6601941747572815,0.5483870967741935,0.5991189427312775,0.7454133064516129
Ridge,Combined,0.6795244801691241,0.025897360451613113,0.6685467220951092,0.03630666557987242,0.5318383838383838,0.07754949444953613,0.5898124955884819,0.05131537367756103,0.7512202915785765,0.01863011958148522,0.6584507042253521,0.6336633663366337,0.5161290322580645,0.5688888888888889,0.7217237903225806
SVM (RBF),Combined,0.6900585245311305,0.029643316424426528,0.6672874132897788,0.0385813718295565,0.583979797979798,0.08290362427091678,0.6201041649360006,0.052639847100858984,0.7500533386187456,0.0254737445189462,0.6654929577464789,0.6330275229357798,0.5564516129032258,0.592274678111588,0.7290826612903226
KNN,Non-Genetic,0.6821445337561436,0.023068286675940724,0.7557570280513403,0.056858814815291876,0.41133333333333333,0.08064062194175049,0.5270090064511664,0.06605897232921042,0.7489316089675828,0.03992527941868732,0.6901408450704225,0.7647058823529412,0.41935483870967744,0.5416666666666667,0.7442540322580645
Random Forest,Non-Genetic,0.6830524722826052,0.03108167542359376,0.7165959148140629,0.060247911427516565,0.46155555555555555,0.06977976344317229,0.558102832776979,0.05715335998724267,0.7489161674888419,0.0439422910623642,0.6795774647887324,0.7142857142857143,0.4435483870967742,0.5472636815920398,0.7491431451612903
Random Forest,Combined,0.6778048052821587,0.01936389380844568,0.7119021185338671,0.04219712799895041,0.4475959595959596,0.06733182862059615,0.5462993200872654,0.04621949624746355,0.7460928984613577,0.015042553848068749,0.6725352112676056,0.6962025316455696,0.4435483870967742,0.541871921182266,0.7432963709677419
AdaBoost,Genetic,0.6523544471860065,0.02033980621771088,0.6201576938803326,0.02751595958569516,0.5300606060606061,0.03886662093671723,0.5710088101919972,0.029861881167527863,0.7071082775428705,0.02973370324114411,0.6126760563380281,0.5686274509803921,0.46774193548387094,0.5132743362831858,0.6775201612903226
Lasso,Genetic,0.6312476818501055,0.034316328448506746,0.6128456018866978,0.05823883597420344,0.4276969696969697,0.05347606780204221,0.5028006130537837,0.05147697688461817,0.7037582144115574,0.017731320772538944,0.6232394366197183,0.6049382716049383,0.3951612903225806,0.4780487804878049,0.690625
Ridge,Genetic,0.6330096951398754,0.016627092272120593,0.6132979042344778,0.025797528179659846,0.4335959595959596,0.042890392357210406,0.5073321669287648,0.03564102822284959,0.6992077056906272,0.011201666873734462,0.6091549295774648,0.5730337078651685,0.4112903225806452,0.47887323943661975,0.6816532258064516
Decision Tree,Non-Genetic,0.6698790866514728,0.03970841353059445,0.6450161352770871,0.054498540488332,0.5499191919191919,0.07966938878282981,0.5911835137391044,0.05957625064478526,0.6950944822498238,0.029694337756133088,0.6549295774647887,0.625,0.5241935483870968,0.5701754385964912,0.6701360887096774
KNN,Combined,0.6321364339421356,0.014526130829563859,0.6797930676595996,0.03265463760769492,0.3011111111111111,0.04515767250628715,0.4156937864028496,0.04356106094573546,0.6948153078752642,0.0230026430274982,0.6584507042253521,0.7142857142857142,0.3629032258064516,0.481283422459893,0.711164314516129
SVM (RBF),Genetic,0.6365339917132152,0.00636523784654987,0.595854353415329,0.012213348995994546,0.5280404040404041,0.04561730680045193,0.5587754202025956,0.021365846426988643,0.6914788583509514,0.012534545139835694,0.6197183098591549,0.5701754385964911,0.5241935483870968,0.5462184873949579,0.6847782258064516
Random Forest,Genetic,0.6206982140922589,0.018216263229433077,0.6126959722955065,0.02836181760410018,0.35733333333333334,0.048452882981273884,0.45044418571811223,0.04352063262682518,0.6900471906565656,0.018741546363178107,0.6408450704225352,0.6375,0.4112903225806452,0.5,0.7026713709677419
KNN,Genetic,0.6207211298160565,0.03011658618401361,0.6368498168498169,0.054435135533800666,0.30505050505050507,0.07916772589628573,0.4090510167764621,0.0758526405601017,0.6689929289258868,0.025156778554379713,0.6373239436619719,0.6567164179104477,0.3548387096774194,0.46073298429319376,0.7007056451612903
Decision Tree,Combined,0.6285582061071923,0.02646790347624266,0.5840878333000952,0.03785743578711826,0.527979797979798,0.09763199751140784,0.5506377296956815,0.05965227567220204,0.6401082206512803,0.03809427642087464,0.6584507042253521,0.6310679611650485,0.5241935483870968,0.5726872246696034,0.679233870967742
Decision Tree,Genetic,0.599629956622121,0.012424888793280197,0.5475690633232698,0.01513996163959182,0.48793939393939395,0.04790103050665644,0.5149860299208414,0.028274714636497875,0.6055338578370919,0.02287408861957334,0.6126760563380281,0.5744680851063829,0.43548387096774194,0.4954128440366973,0.585383064516129
